KPI ID,Metric Group,Metric Name,Form Questions
P-IM-1,Impact (IM),Direct Impact,"Question No. 1: Definition & Narrative
What does a successful outcome look like for someone using your solution? Describe a specific change or improvement they experience.
_Helper: For example, looking at the definition provided: In Education, if 500 students were served and 320 improved their scores by 15% or more, the successful outcome is the score improvement. What is the specific outcome that counts as success for you?_
Input Type: Text (Open-ended)

Question No. 2: The Data Point
How many people have achieved this successful outcome since you started?
_Constraint: Do not count people who only signed up or were reached but did not achieve the intended outcome._
Input Type: Number (people)

Question No. 3: Verification
How do you track or verify the number of people who achieved this outcome?
_Guidance: Examples: You might use attendance sheets, CRM logs, or follow-up surveys to verify these numbers._
Input Type: Text (Open-ended)"
P-IM-4,Impact (IM),Indirect Impact,"Question No. 1: Definition & Narrative
How does your solution create a positive change for individuals who do not directly use it?
_Helper: For example, looking at the definition provided: If you trained 50 teachers and each teacher teaches 200 students, the success is the improved education quality for those 10,000 students. What is the specific outcome that counts as success for you?_
Input Type: Text (Open-ended)

Question No. 2: The Data Point
Since you started, how many people have indirectly benefited from your solution?
_Constraint: Do not count individuals who only signed up or showed interest without benefiting from the solution's impact._
Input Type: Number (people)

Question No. 3: Verification
How do you track or verify the number of people indirectly impacted by your solution?
_Guidance: Examples: You might use school attendance records to track students taught by trained teachers, or sales data to estimate consumers reached through supported farmers._
Input Type: Text (Open-ended)"
P-IM-2,Impact (IM),Direct Job Creation,"Question No. 1: Definition & Narrative
How does your startup define a successful employment outcome for a new hire?
_Helper: For example, looking at the definition provided: A successful outcome might be hiring a full-time staff member who contributes to product development. What is the specific outcome that counts as success for you?_
Input Type: Text (Open-ended)

Question No. 2: The Data Point
How many people have you directly employed and paid since you started your startup?
_Constraint: Do not include individuals who are volunteers, interns, or those who only signed up for a one-time project._
Input Type: Number (people)

Question No. 3: Verification
What method do you use to track and verify the number of direct jobs created?
_Guidance: Examples: Payroll records, contractor agreements, or HR management software logs._
Input Type: Text (Open-ended)"
P-IM-3,Impact (IM),Indirect Job Creation,"Question No. 1: Definition & Narrative
How does your solution create new job opportunities for individuals outside your company? Describe a specific scenario where your solution led to job creation for someone not directly employed by your startup.
_Helper: For example, if your solution is in agriculture, think about farmers who adopted your solution and hired additional workers due to increased productivity._
Input Type: Text (Open-ended)

Question No. 2: The Data Point
Since you started, how many people have gained employment or income opportunities because of your solution? Please provide the total number to date.
_Constraint: Do not count individuals who only expressed interest or signed up but did not gain sustained employment or income opportunities._
Input Type: Number (people)

Question No. 3: Verification
How do you track or verify the number of indirect jobs created by your solution?
_Guidance: Examples: You might use supplier reports, employment contracts, or feedback from partners to verify these numbers._
Input Type: Text (Open-ended)"
P-IM-5,Impact (IM),Carbon Emissions Impact,"Question No. 1: Definition & Narrative
How does your solution help reduce carbon emissions for one user or use? Describe a specific scenario where your solution made a difference.
_Helper: For example, if your solution reduces emissions by 4 kg CO₂e per use, what does a successful reduction look like for your customer?_
Input Type: Text (Open-ended)

Question No. 2: The Data Point
What is the total amount of CO₂ emissions your solution has saved or avoided since you started?
_Constraint: Do not include potential savings from users who have not actively used your solution._
Input Type: Number (kg CO₂e)

Question No. 3: Verification
How do you track or verify the CO₂ emissions saved or avoided by your solution?
_Guidance: Examples: Emission reduction logs, user feedback reports, or environmental impact assessments._
Input Type: Text (Open-ended)"
P-IM-6,Impact (IM),Water Saved or Pollution Prevented,"Question No. 1: Definition & Narrative
What does a successful outcome look like for your solution in terms of water saved or pollution prevented?
_Helper: For example, if your solution prevents 1.5 kg of wastewater pollutants per factory, and 40 factories are using it, what specific outcome represents success for you?_
Input Type: Text (Open-ended)

Question No. 2: The Data Point
How much water has been saved or pollution prevented since you started using your solution? Please provide the total amount to date.
_Constraint: Do not include estimates from factories or units that have not fully implemented your solution._
Input Type: Number (kg)

Question No. 3: Verification
How do you track or verify the amount of water saved or pollution prevented?
_Guidance: Examples: You might use factory reports, environmental audits, or water usage logs to verify these numbers._
Input Type: Text (Open-ended)"
P-IM-7,Impact (IM),Waste Reduction Impact,"Question No. 1: Definition & Narrative
What does a successful waste diversion look like for your company? Describe a scenario where your solution effectively reduced waste for a client.
_Helper: For example, looking at the definition provided: If a client previously sent 500 kg of waste to landfill each month, and your solution helped recycle 350 kg of it, what specific outcome would you consider a success?_
Input Type: Text (Open-ended)

Question No. 2: The Data Point
How much total waste has your solution diverted or recycled since you started?
_Constraint: Do not include waste that was never sent to landfill or waste that was not processed through your solution._
Input Type: Number (kg)

Question No. 3: Verification
How do you track or verify the amount of waste diverted or recycled?
_Guidance: Examples: Maintain records through waste management logs, client reports, or recycling facility receipts._
Input Type: Text (Open-ended)"
P-IM-8,Impact (IM),Renewable Energy Impact,"Question No. 1: Definition & Narrative
What does a successful shift to renewable energy look like for one of your installations or users?
_Helper: For example, looking at the definition provided: If a user shifts from using diesel generators to solar panels, resulting in a reduction of non-renewable energy use._
Input Type: Text (Open-ended)

Question No. 2: The Data Point
How much renewable energy have you produced or shifted to date, in kilowatt-hours (kWh)?
_Constraint: Do not include energy shifts that were planned but not yet implemented or installations that are not operational._
Input Type: Number (kWh)

Question No. 3: Verification
How do you track or verify the amount of renewable energy produced or shifted?
_Guidance: Examples: Monthly energy reports from solar installations, utility bills showing reduced non-renewable energy consumption, or digital logs from energy management systems._
Input Type: Text (Open-ended)"
P-IM-9,Impact (IM),Land and Ecosystem Restoration Impact,"Question No. 1: Definition & Narrative
What does a successful restoration or protection project look like for your organization? Please describe a specific outcome that you consider a success.
_Helper: For example, looking at the definition provided: '2 hectares restored per site, 15 sites completed → 30 hectares restored.' What is the specific outcome that counts as success for you?_
Input Type: Text (Open-ended)

Question No. 2: The Data Point
How much land or ecosystem area have you restored or protected since you started? Please provide the total area in hectares or square meters.
_Constraint: Do not include areas that are planned but not yet completed. Only count areas that have been fully restored or protected._
Input Type: Number (hectares or m²)

Question No. 3: Verification
How do you track or verify the area of land or ecosystems restored or protected?
_Guidance: Examples: Use of satellite imagery, on-site surveys, or third-party environmental audits._
Input Type: Text (Open-ended)"
P-I-1,Investment (I),Post-Competition Grant Impact,"Question No. 1: Definition & Narrative
Since becoming a finalist, how has receiving grants impacted your startup's growth and operations?
_Helper: For example, if you received a government grant of USD 100,000, describe how this funding has enabled you to expand your services or reach new markets._
Input Type: Text (Open-ended)

Question No. 2: The Data Point
What is the total amount of grants your startup has received since becoming a finalist?
_Constraint: Do not include any funding received before becoming a finalist or any non-grant funding sources._
Input Type: Number (USD)

Question No. 3: Verification
How do you track and verify the grant amounts your startup has received?
_Guidance: Examples: Maintain a record of grant agreements, bank statements showing grant deposits, or official grant award letters._
Input Type: Text (Open-ended)"
P-I-2,Investment (I),Post-Competition Funding Impact,"Question No. 1: Definition & Narrative
How has securing VC or angel funding after becoming a finalist impacted your startup's growth or operations?
_Helper: For example, if you raised USD 1.2 million in seed funding, what specific changes or improvements did this enable for your business?_
Input Type: Text (Open-ended)

Question No. 2: The Data Point
What is the total amount of VC or angel funding your startup has raised since becoming a finalist?
_Constraint: Do not include any funding received before becoming a finalist or any non-VC/angel funding sources._
Input Type: Number (USD)

Question No. 3: Verification
How do you track and verify the funding amounts reported?
_Guidance: Examples: Bank statements, investor agreements, or financial audits._
Input Type: Text (Open-ended)"
P-1-3,Investment (I),Potential ROI Estimation,"Question No. 1: Definition & Narrative
What does a successful exit look like for your startup in terms of impact and growth?
_Helper: For example, looking at the definition provided: If your current valuation is RM5 million and you aim for an exit at RM40 million, your success would be achieving an 8× return. What is the specific outcome that counts as success for you?_
Input Type: Text (Open-ended)

Question No. 2: The Data Point
What is the estimated potential ROI multiple for your startup if it reaches a realistic exit?
_Constraint: Do not include speculative valuations or potential exits that are not based on realistic market conditions._
Input Type: Number (ROI multiple (e.g., 3×, 5×, 10×))

Question No. 3: Verification
How do you track or verify the data used to estimate this ROI multiple?
_Guidance: Examples: Use of financial projections validated by a financial advisor, historical data from similar industry exits, or documented investor feedback._
Input Type: Text (Open-ended)"
P-T-3,Traction (T),Revenue from Top Customers,"Question No. 1: Definition & Narrative
How do you define a successful relationship with your top three customers?
_Helper: For example, looking at the definition provided: Customer A contributes 40% of your revenue. What specific outcomes or milestones define success for you with these customers?_
Input Type: Text (Open-ended)

Question No. 2: The Data Point
What percentage of your latest annual revenue comes from your top three customers?
_Constraint: Do not include revenue from customers who have not made a purchase in the last year._
Input Type: Number (%)

Question No. 3: Verification
How do you track and verify the revenue data from your top customers?
_Guidance: Examples: Use CRM logs to track customer purchases, maintain sales receipts, or utilize accounting software reports._
Input Type: Text (Open-ended)"
P-T-6,Traction (T),Startup Traction in USD,"Question No. 1: Definition & Narrative
What does a successful engagement with a potential partner look like for your startup? Describe a scenario where a Letter of Intent (LOI) or Memorandum of Understanding (MOU) signifies meaningful traction.
_Helper: For example, if your startup is in education, a successful engagement might be securing an MOU with a school district to implement your program for 500 students._
Input Type: Text (Open-ended)

Question No. 2: The Data Point
What is the total dollar value of LOIs or MOUs your startup has secured since its inception?
_Constraint: Do not include verbal agreements or informal promises. Only count signed LOIs or MOUs that specify a dollar value._
Input Type: Number (USD)

Question No. 3: Verification
How do you track or verify the dollar value of your LOIs or MOUs?
_Guidance: Examples: You might use signed documents stored in a digital repository, entries in a CRM system, or official email confirmations from partners._
Input Type: Text (Open-ended)"
P-T-4,Traction (T),Customer Acquisition Cost (CAC),"Question No. 1: Definition & Narrative
What does acquiring a paying customer mean for your startup? Describe the journey from initial contact to a successful transaction.
_Helper: For example, looking at the definition provided: If you spent USD 20,000 to acquire 10 customers, what specific actions led to these customers making a purchase?_
Input Type: Text (Open-ended)

Question No. 2: The Data Point
How much have you spent on sales and marketing to acquire new paying customers since you started?
_Constraint: Do not include costs related to non-paying users or those who only signed up without making a purchase._
Input Type: Number (USD)

Question No. 3: Verification
How do you track and verify the costs associated with acquiring new paying customers?
_Guidance: Examples: Use of CRM logs to track customer interactions, detailed sales receipts, or marketing campaign reports._
Input Type: Text (Open-ended)"
P-T-5,Traction (T),Customer Retention Insights,"Question No. 1: Definition & Narrative
What does a successful customer experience look like for your startup? Describe a scenario where a customer achieves their desired outcome using your product or service.
_Helper: For example, if your service is an educational platform, a successful outcome might be a student completing a course and gaining a certification._
Input Type: Text (Open-ended)

Question No. 2: The Data Point
How many customers did you have at the start of the year, and how many did you lose over the year?
_Constraint: Do not include individuals who only signed up but never engaged with your product or service._
Input Type: Number (Number of customers)

Question No. 3: Verification
How do you track and verify the number of customers lost over the year?
_Guidance: Examples: Use CRM logs to track customer interactions, analyze subscription cancellations, or review service usage reports._
Input Type: Text (Open-ended)"
P-T-2,Traction (T),Monthly Recurring Revenue (MRR),"Question No. 1: Definition & Narrative
How do you define a successful customer interaction that contributes to your monthly recurring revenue?
_Helper: For example, looking at the definition provided: 10 customers paying USD 500/month → USD 5,000 MRR. What is the specific outcome that counts as success for you?_
Input Type: Text (Open-ended)

Question No. 2: The Data Point
What is your current monthly recurring revenue from subscriptions or recurring contracts?
_Constraint: Do not include one-time purchases or customers who have not made a payment this month._
Input Type: Number (USD)

Question No. 3: Verification
How do you track or verify your monthly recurring revenue data?
_Guidance: Examples: Use of CRM logs, sales receipts, or automated billing systems to track monthly payments._
Input Type: Text (Open-ended)"
P-T-1,Traction (T),Annual Recurring Revenue (ARR),"Question No. 1: Definition & Narrative
What does a successful customer engagement look like for your business? Describe a scenario where a customer finds value in your service or product.
_Helper: For example, if your service is a subscription-based educational platform, a successful outcome might be a student completing a course and gaining a certification._
Input Type: Text (Open-ended)

Question No. 2: The Data Point
What is your current Annual Recurring Revenue (ARR) based on your recurring revenue contracts?
_Constraint: Do not include one-time purchases or trial subscriptions that have not converted to paid contracts._
Input Type: Number (USD)

Question No. 3: Verification
How do you track and verify your Annual Recurring Revenue (ARR)?
_Guidance: Examples: You might use CRM logs to track customer subscriptions, financial software to record recurring payments, or sales receipts to verify contract renewals._
Input Type: Text (Open-ended)"
P-T-7,Traction (T),Startup Valuation,"Question No. 1: Definition & Narrative
What does a successful investment look like for your startup? Describe a scenario where an investment significantly impacted your growth.
_Helper: For example, looking at the definition provided: If an investment of USD 1,000,000 for 20% equity led to a post-money valuation of USD 5,000,000, what specific outcome or milestone did this enable for your startup?_
Input Type: Text (Open-ended)

Question No. 2: The Data Point
What is your startup's current post-money valuation? Please provide the total valuation since your inception.
_Constraint: Do not include valuations based on non-equity funding or speculative estimates._
Input Type: Number (USD)

Question No. 3: Verification
How do you track or verify your startup's valuation data?
_Guidance: Examples: You might use official investment agreements, financial audits, or investor reports to validate your valuation figures._
Input Type: Text (Open-ended)"
P-T-8,Traction (T),Cash Runway Estimation,"Question No. 1: Definition & Narrative
What does financial sustainability look like for your startup in terms of cash flow management?
_Helper: For example, looking at the definition provided: 'Cash runway is the number of months your startup can operate with its current cash balance.' What specific financial practices ensure your startup's sustainability?_
Input Type: Text (Open-ended)

Question No. 2: The Data Point
How many months can your startup continue operating with its current cash balance, assuming current spending levels?
_Constraint: Do not include potential future investments or loans that have not yet been secured._
Input Type: Number (months)

Question No. 3: Verification
How do you track or verify your cash runway estimation to ensure accuracy?
_Guidance: Examples: Monthly financial statements, accounting software reports, or bank statements._
Input Type: Text (Open-ended)"